belongs_to_collection,count,mean,sum
Harry Potter Collection,8,963420928.125,7707367425.0
Star Wars Collection,8,929311848.75,7434494790.0
James Bond Collection,26,273345009.1923077,7106970239.0
The Fast and the Furious Collection,8,640637349.125,5125098793.0
Pirates of the Caribbean Collection,5,904315365.2,4521576826.0
Transformers Collection,5,873220248.8,4366101244.0
Despicable Me Collection,4,922767554.0,3691070216.0
The Twilight Collection,5,668421458.0,3342107290.0
Ice Age Collection,5,643341710.6,3216708553.0
Jurassic Park Collection,4,757871035.75,3031484143.0
Shrek Collection,4,738951752.0,2955807008.0
The Hunger Games Collection,4,736040658.5,2944162634.0
The Hobbit Collection,3,978507785.3333334,2935523356.0
The Avengers Collection,2,1462480802.0,2924961604.0
The Lord of the Rings Collection,3,972181581.0,2916544743.0
X-Men Collection,6,468138719.5,2808832317.0
Avatar Collection,1,2787965087.0,2787965087.0
Mission: Impossible Collection,5,555795599.0,2778977995.0
Spider-Man Collection,3,832115506.0,2496346518.0
The Dark Knight Collection,3,821238738.6666666,2463716216.0
Iron Man Collection,3,808182515.6666666,2424547547.0
Madagascar Collection,4,564263598.25,2257054393.0
Captain America Collection,3,746213613.6666666,2238640841.0
Indiana Jones Collection,4,495933452.5,1983733810.0
Finding Nemo Collection,2,984453212.5,1968906425.0
Toy Story Collection,3,645963535.0,1937890605.0
The Terminator Collection,5,369065547.6,1845327738.0
Kung Fu Panda Collection,3,606202555.3333334,1818607666.0
Men In Black Collection,3,551745372.6666666,1655236118.0
The Bourne Collection,5,327483286.2,1637416431.0
Guardians of the Galaxy Collection,2,818372385.0,1636744770.0
The Matrix Collection,3,542368431.6666666,1627105295.0
The Chronicles of Narnia Collection,3,528048195.6666667,1584144587.0
Planet of the Apes (Reboot) Collection,3,521137571.3333333,1563412714.0
Man of Steel Collection,2,768052856.0,1536105712.0
The Amazing Spider-Man Collection,2,728966644.5,1457933289.0
Die Hard Collection,5,287017272.4,1435086362.0
The Wolverine Collection,3,468435115.0,1405305345.0
Alvin and the Chipmunks Collection,4,345239406.5,1380957626.0
Cars Collection,3,457335200.6666667,1372005602.0
Robert Langdon Collection,3,448151719.0,1344455157.0
Rocky Collection,7,191018013.42857143,1337126094.0
Night at the Museum Collection,3,445670431.0,1337011293.0
Alice in Wonderland Collection,2,662430597.0,1324861194.0
"Monsters, Inc. Collection",2,653187931.5,1306375863.0
Frozen Collection,1,1274219009.0,1274219009.0
Batman Collection,4,316521297.5,1266085190.0
The Mummy Collection,3,416675800.3333333,1250027401.0
Resident Evil Collection,6,205570287.83333334,1233421727.0
Independence Day Collection,2,603325601.5,1206651203.0
Star Trek: Alternate Reality Collection,3,398839169.3333333,1196517508.0
Meet the Parents Collection,3,385912523.0,1157737569.0
Ocean's Collection,3,374924684.6666667,1124774054.0
The Smurfs (Theatrical) Collection,3,369455682.3333333,1108367047.0
How to Train Your Dragon Collection,2,552000903.5,1104001807.0
Thor Collection,2,546949010.0,1093898020.0
The Hangover Collection,3,358575559.0,1075726677.0
American Pie Collection,4,247368846.5,989475386.0
Rio Collection,2,492412097.5,984824195.0
Superman Collection,5,195381708.0,976908540.0
Back to the Future Collection,3,319212448.3333333,957637345.0
Lethal Weapon Collection,4,238809310.75,955237243.0
Fifty Shades Collection,2,474916811.0,949833622.0
Taken Collection,3,309581099.3333333,928743298.0
The Hannibal Lecter Anthology,5,184884460.2,924422301.0
Home Alone Collection,3,304919623.6666667,914758871.0
Scary Movie Collection,5,179311006.0,896555030.0
Paranormal Activity Collection,6,147308094.5,883848567.0
Saw Collection,7,125472543.71428572,878307806.0
The Secret Life of Pets Collection,1,875457937.0,875457937.0
Sherlock Holmes Collection,2,429321839.5,858643679.0
Rush Hour Collection,3,283244966.3333333,849734899.0
The Jack Ryan Collection,5,167337682.2,836688411.0
Hotel Transylvania Collection,2,415801280.5,831602561.0
Wonder Woman Collection,1,820580447.0,820580447.0
Fantastic Beasts Collection,1,809342332.0,809342332.0
National Treasure Collection,2,402407531.0,804815062.0
The Jaws Collection,4,199601518.75,798406075.0
The Expendables Collection,3,264405453.66666666,793216361.0
The Lion King Collection,1,788241776.0,788241776.0
Deadpool Collection,1,783112979.0,783112979.0
The Lego Movie Collection,2,390555538.0,781111076.0
Ted Collection,2,383195451.5,766390903.0
Divergent Collection,3,254410988.0,763232964.0
300 Collection,2,380095235.0,760190470.0
Ghostbusters Collection,3,246584904.66666666,739754714.0
Beverly Hills Cop Collection,3,245178167.66666666,735534503.0
Rambo Collection,4,181968309.25,727873237.0
Teenage Mutant Ninja Turtles (Remake) Collection,2,361411924.0,722823848.0
Sex and the City Collection,2,351800239.0,703600478.0
Pokémon Collection,11,63481890.54545455,698300796.0
xXx Collection,3,231556657.33333334,694669972.0
Austin Powers Collection,3,225093168.66666666,675279506.0
G.I. Joe (Live-Action) Collection,2,337172647.5,674345295.0
The Maze Runner Collection,2,329788393.5,659576787.0
Almighty Collection,2,328786417.5,657572835.0
Step Up Collection,5,130187949.6,650939748.0
The Conjuring Collection,2,319085074.5,638170149.0
Prometheus Collection,2,317775192.5,635550385.0
The Incredibles Collection,1,631442092.0,631442092.0
Star Trek: The Original Series Collection,6,103816666.66666667,622900000.0
Fantastic Four Collection,2,309813741.0,619627482.0
Alien Collection,4,152505450.25,610021801.0
Mamma Mia! Collection,1,609841637.0,609841637.0
Crocodile Dundee Collection,3,202416130.0,607248390.0
Final Destination Collection,5,121100531.8,605502659.0
Scream Collection,4,151095731.5,604382926.0
Tangled Collection,1,591794936.0,591794936.0
The Exorcist Collection,5,117866323.8,589331619.0
The Croods Collection,1,585178928.0,585178928.0
The Huntsman Collection,2,280601081.5,561202163.0
Spy Kids Collection,4,137558457.5,550233830.0
Mad Max Collection,4,134922347.75,539689391.0
Underworld Collection,5,107921748.6,539608743.0
Happy Feet Collection,2,267371037.0,534742074.0
Bridget Jones Collection,3,178028411.66666666,534085235.0
Clash of the Titans Collection,2,266856569.5,533713139.0
World War Z Collection,1,531865000.0,531865000.0
Charlie's Angels Collection,2,261640666.5,523281333.0
Ant-Man Collection,1,519311965.0,519311965.0
Grown Ups Collection,2,259207233.5,518414467.0
Speed Collection,2,257478105.5,514956211.0
101 Dalmatians (Live-Action) Collection,2,252150532.5,504301065.0
Aladdin Collection,1,504050219.0,504050219.0
The Ring Collection,3,164627120.33333334,493881361.0
Cloudy with a Chance of Meatballs Collection,2,245686543.5,491373087.0
Mr. Bean Collection,2,240474507.0,480949014.0
The Fugitive / U.S. Marshals Collection,2,235621582.5,471243165.0
Wreck-It Ralph Collection,1,471222889.0,471222889.0
Dr. Dolittle Collection,2,235280474.5,470560949.0
Stuart Little Collection,2,235046086.5,470092173.0
Friday the 13th Collection,12,38741545.333333336,464898544.0
My Big Fat Greek Wedding Collection,2,228833647.5,457667295.0
Journey Collection,2,228697410.0,457394820.0
Scooby-Doo Collection,2,228558768.0,457117536.0
Dumb and Dumber Collection,3,152126633.0,456379899.0
Star Trek: The Next Generation Collection,4,113828206.5,455312826.0
Now You See Me Collection,2,226300115.5,452600231.0
SpongeBob Collection,2,225877912.0,451755824.0
Tarzan (Animation) Collection,1,448000000.0,448000000.0
The Santa Clause Collection,3,149062848.0,447188544.0
TRON Collection,2,216531381.5,433062763.0
Tomb Raider Collection,2,215604364.0,431208728.0
The Godfather Collection,3,143125104.66666666,429375314.0
Blade Collection,3,138366309.33333334,415098928.0
Bad Boys Collection,2,207373290.0,414746580.0
Kingsman Collection,1,414351546.0,414351546.0
Pacific Rim Collection,1,407602906.0,407602906.0
Jackass Collection,4,101529208.0,406116832.0
Pitch Perfect Collection,2,201428310.0,402856620.0
The Flintstones (Live-Action) Collection,2,200549741.5,401099483.0
Percy Jackson Collection,2,200537980.0,401075960.0
The Muppet Collection,6,66687400.166666664,400124401.0
Big Momma's House Collection,3,131944638.0,395833914.0
Zorro Collection,2,196344294.0,392688588.0
Basic Instinct Collection,2,195778351.0,391556702.0
Jump Street Collection,2,195013471.0,390026942.0
Jack Reacher Collection,2,190243335.5,380486671.0
Ghost Rider Collection,2,188977874.0,377955748.0
Beauty and the Beast Collection,1,377350553.0,377350553.0
Neighbors Collection,2,188457960.5,376915921.0
Planes Collection,2,185477249.5,370954499.0
... Has Fallen Collection,2,183390043.5,366780087.0
A Nightmare on Elm Street Collection,8,45448944.75,363591558.0
RoboCop Collection,4,88016587.0,352066348.0
The Mask Collection,1,351583407.0,351583407.0
Pocahontas Collection,1,346079773.0,346079773.0
Garfield Collection,2,171253399.0,342506798.0
The Jungle Book Collection,2,170761806.0,341523612.0
Kill Bill Collection,2,166554230.5,333108461.0
Bahubali Collection,2,165000000.0,330000000.0
Babe Collection,2,161633385.0,323266770.0
National Lampoon's Vacation Collection,5,64573744.2,322868721.0
Teenage Mutant Ninja Turtles (Original) Collection,3,107333333.33333333,322000000.0
Johnny English Collection,2,160330802.0,320661604.0
Ace Ventura Collection,2,159801464.5,319602929.0
Cheaper by the Dozen Collection,2,159696971.5,319393943.0
The Purge Collection,3,105566451.33333333,316699354.0
Hot Shots! Collection,2,157424494.5,314848989.0
The Transporter Collection,4,77676447.5,310705790.0
Police Academy Collection,7,43520462.428571425,304643237.0
Mulan Collection,1,304320254.0,304320254.0
Saturday Night Fever Collection,2,151002927.0,302005854.0
Van Helsing Collection,1,300257475.0,300257475.0
Look Who's Talking Collection,1,296000000.0,296000000.0
Blair Witch Collection,2,146586497.0,293172994.0
Mall Cop Collection,2,145445186.5,290890373.0
Magic Mike Collection,2,144867314.0,289734628.0
Sister Act Collection,2,144462089.5,288924179.0
Casper Collection,1,287928194.0,287928194.0
Predator Collection,3,93868226.33333333,281604679.0
"Honey, I Shrunk the Kids Collection",2,140693312.0,281386624.0
Ride Along Collection,2,139412567.5,278825135.0
We're the Millers Collection,1,269994119.0,269994119.0
The Vampire Chronicles,2,134571859.0,269143718.0
Bambi Collection,1,267447150.0,267447150.0
The Chronicles of Riddick Collection,3,89099229.0,267297687.0
Legally Blonde Collection,2,133344760.5,266689521.0
Beethoven Collection,2,132728557.5,265457115.0
Diary of a Wimpy Kid Collection,4,66337553.0,265350212.0
Anchorman Collection,2,132111601.5,264223203.0
Cinderella Collection,1,263591415.0,263591415.0
The Grudge Collection,3,87076150.0,261228450.0
Under Siege Collection,2,130443611.0,260887222.0
The Karate Kid Collection,4,65175702.25,260702809.0
The Princess Diaries Collection,2,130242294.0,260484588.0
John Wick Collection,2,130150774.0,260301548.0
Hellboy Collection,2,129853525.0,259707050.0
Wanted - Collection,1,258270008.0,258270008.0
The X-Files Collection,2,128783873.5,257567747.0
Annabelle Collection,1,255273813.0,255273813.0
The Nutty Professor Collection,2,126038645.0,252077290.0
Red Cliff Collection,2,124436917.0,248873834.0
Halloween Collection,8,30896007.0,247168056.0
Asterix and Obelix Collection,3,81890537.66666667,245671613.0
Marley & Me Collection,1,244082376.0,244082376.0
Daddy's Home Collection,1,242786137.0,242786137.0
Dirty Dancing Collection,2,120819645.0,241639290.0
Addams Family Collection,2,120210734.5,240421469.0
48 Hrs. Collection,2,116193741.0,232387482.0
Analyze Collection,2,115944396.5,231888793.0
Constantine Collection,1,230884728.0,230884728.0
Horrible Bosses Collection,2,112335178.5,224670357.0
Best Exotic Marigold Hotel Collection,2,111407211.0,222814422.0
The Little Mermaid Collection,1,222300000.0,222300000.0
Naked Gun Collection,3,72273062.0,216819186.0
101 Dalmatians (Animated) Collection,1,215880014.0,215880014.0
Nanny McPhee Collection,2,107868105.0,215736210.0
The Millennium Collection,3,71613014.33333333,214839043.0
Ip Man Collection,3,71577783.66666667,214733351.0
"Crouching Tiger, Hidden Dragon Collection",1,213525736.0,213525736.0
The Amityville Horror Collection,4,53336770.75,213347083.0
AVP Collection,2,106490464.5,212980929.0
Miss Congeniality Collection,1,212000000.0,212000000.0
Chili Palmer Collection,2,105163869.0,210327738.0
Anaconda Collection,2,103939332.5,207878665.0
Cats & Dogs Collection,2,102929457.5,205858915.0
Kindergarten Cop Collection,1,201957688.0,201957688.0
Insidious Collection,2,100656500.5,201313001.0
Smokey and the Bandit Collection,3,66183001.333333336,198549004.0
Sin City Collection,2,99070718.0,198141436.0
Open Season Collection,1,197309027.0,197309027.0
Peter Pan Collection,2,98633666.5,197267333.0
Grease Collection,2,98492623.0,196985246.0
Alex Cross Collection,3,65353222.0,196059666.0
Barbershop Collection,3,65294035.0,195882105.0
The Gremlins Collection,2,97282654.5,194565309.0
Wallace & Gromit Collection,1,192452832.0,192452832.0
Airport Collection,4,47626209.75,190504839.0
Hollow Man Collection,1,190213455.0,190213455.0
Dirty Harry Collection,4,47405673.25,189622693.0
Conan the Barbarian Collection,3,62020906.0,186062718.0
Atlantis Collection,1,186053725.0,186053725.0
Ouija Collection,2,92648008.5,185296017.0
Romancing the Stone Collection,2,91672719.0,183345438.0
Daddy Day Camp Collection,2,91315632.5,182631265.0
Hitman Collection,2,90966601.5,181933203.0
Porky's Collection,3,60002143.0,180006429.0
City Slickers Collection,1,179033791.0,179033791.0
Wall Street Collection,2,89298045.0,178596090.0
Poltergeist Collection,3,59113555.0,177340665.0
Mechanic Collection,2,88400221.0,176800442.0
Child's Play Collection,5,35204407.6,176022038.0
Fantasia Collection,2,87097285.0,174194570.0
Mortal Kombat Collection,2,86786390.5,173572781.0
Living Dead Collection,5,34227092.0,171135460.0
Wayne's World Collection,2,84831161.5,169662323.0
The Emperor's New Groove Collection,1,169327687.0,169327687.0
Think Like a Man Collection,2,83125967.5,166251935.0
The Sting Collection,2,82981699.5,165963399.0
Father of the Bride Collection,2,82952345.5,165904691.0
I Know What You Did Last Summer Collection,2,82794123.0,165588246.0
The Scorpion King Collection,1,165333180.0,165333180.0
The Pink Panther (Original) Collection,8,20559781.0,164478248.0
Beverly Hills Chihuahua Collection,2,80640803.0,161281606.0
Kick-Ass Collection,2,78444451.5,156888903.0
Elizabeth Collection,2,78194102.5,156388205.0
American Graffiti Collection,2,77507337.0,155014674.0
Recep İvedik Serisi,2,77425747.5,154851495.0
The Woman in Black Collection,2,77116029.5,154232059.0
Free Willy Collection,1,153698625.0,153698625.0
Silent Hill Collection,2,74955124.5,149910249.0
Dhoom Series,3,49798809.0,149396427.0
Surf's Up Collection,1,149044513.0,149044513.0
Dolphin Tale Collection,2,73914465.0,147828930.0
28 Days/Weeks Later Collection,2,73479162.5,146958325.0
Lilo & Stitch Collection,1,145771527.0,145771527.0
Shanghai Noon Collection,2,72627896.0,145255792.0
Clint Eastwood's Iwo Jima Collection,2,67286738.5,134573477.0
Species Collection,2,66269831.5,132539663.0
The Whole Nine/Ten Yards Collection,2,66263716.0,132527432.0
Shaft Collection,4,32694029.0,130776116.0
Sinister Collection,2,65297228.5,130594457.0
Keinohrhasen Filmreihe,2,65011723.5,130023447.0
Jingle All the Way Collection,1,129832389.0,129832389.0
The Blues Brothers Collection,2,64640637.0,129281274.0
Mean Girls Collection,1,129042871.0,129042871.0
Taxi Collection,3,42163875.333333336,126491626.0
Mexico Trilogy,3,41877315.666666664,125631947.0
Fievel Collection,2,62654021.5,125308043.0
Detective Dee Collection,2,62005534.0,124011068.0
Police Story Collection,3,41181422.666666664,123544268.0
Jeepers Creepers Collection,2,61160227.5,122320455.0
Friday Collection,3,40523360.333333336,121570081.0
Starship Troopers Collection,1,121214377.0,121214377.0
The Collector Collection,2,60421029.0,120842058.0
Cheech & Chong Collection,4,29985865.25,119943461.0
Road Trip Collection,1,119754278.0,119754278.0
Halloween (Rob Zombie Series) Collection,2,59837687.5,119675375.0
The Mighty Ducks Collection,3,39772614.666666664,119317844.0
One Piece Collection,2,59603536.5,119207073.0
The Rescuers Collection,2,59323665.0,118647330.0
The Saint Collection,1,118063304.0,118063304.0
Dennis the Menace Collection,1,117270765.0,117270765.0
Zoolander Collection,2,58374990.5,116749981.0
S.W.A.T. Collection,1,116643346.0,116643346.0
Hostel Collection,2,58099227.5,116198455.0
DragonHeart Collection,1,115267375.0,115267375.0
Why Did I Get Married Collection,2,57628658.5,115257317.0
Would I Lie to You? Collection,3,37693660.666666664,113080982.0
Rocky Horror Collection,1,112892319.0,112892319.0
Tooth Fairy Collection,1,112462508.0,112462508.0
Street Fighter,2,56093861.0,112187722.0
Dragon Ball Z (Movie) Collection,2,56060596.0,112121192.0
The Crow Collection,2,55958643.5,111917287.0
Urban Legend,2,55550978.5,111101957.0
The Dukes Of Hazzard Collection,1,110803676.0,110803676.0
Síť (kolekce),1,110627965.0,110627965.0
Airplane Collection,2,55302036.5,110604073.0
Cocoon Collection,2,55169021.5,110338043.0
Arthur Collection,2,55071437.0,110142874.0
The Space Odyssey Series,2,54550328.5,109100657.0
Death Note Collection,3,36244933.333333336,108734800.0
Arthur and the Invisibles Collection,1,107944236.0,107944236.0
The Omen Collection,3,35970905.666666664,107912717.0
Texas Chainsaw (Reboot) Collection,1,107071655.0,107071655.0
The Best Man Collection,2,53099487.5,106198975.0
The Cell Collection,1,104155843.0,104155843.0
Cannonball Run Collection,3,34445004.333333336,103335013.0
Harold & Kumar Collection,3,34272414.333333336,102817243.0
Rebuild of Evangelion,3,33957941.666666664,101873825.0
Timecop Collection,1,101646581.0,101646581.0
My Bloody Valentine Collection,1,100734718.0,100734718.0
Benvenuti al... Collection,2,50292339.5,100584679.0
Rugrats Collection,2,50245893.0,100491786.0
The Hunchback of Notre Dame Collection,1,100138851.0,100138851.0
Nim's Island Collection,1,100076342.0,100076342.0
The Fly Collection,2,49766169.0,99532338.0
The Are We Collection,1,97918663.0,97918663.0
Jarhead Collection,1,96889998.0,96889998.0
8MM Collection,1,96618699.0,96618699.0
The Butterfly Effect Collection,1,96060858.0,96060858.0
King Kong (1976 series),2,47662832.5,95325665.0
Fletch Collection,2,47381924.0,94763848.0
Bad Santa Collection,2,47135533.5,94271067.0
Lady and the Tramp Collection,1,93600000.0,93600000.0
Escape From ... Collection,2,46261032.5,92522065.0
Texas Chainsaw Massacre Collection,5,18415655.4,92078277.0
Behind Enemy Lines Collection,1,91753202.0,91753202.0
Piranha 3D Collection,2,45840946.5,91681893.0
White Noise Collection,1,91196419.0,91196419.0
Save The Last Dance Collection,1,91038276.0,91038276.0
Bring It On Collection,1,90449929.0,90449929.0
The Inbetweeners Collection,1,88025781.0,88025781.0
Deuce Bigalow Collection,2,43967610.5,87935221.0
Agent Cody Banks Collection,2,43807404.5,87614809.0
Death Wish Collection,4,21411891.25,85647565.0
Final Fantasy Collection,2,42700905.0,85401810.0
The Poseidon Adventure Collection,1,84563118.0,84563118.0
The Land Before Time Collection,1,84460846.0,84460846.0
Major League Collection,3,27998591.0,83995773.0
Power Rangers Collection,2,41989869.5,83979739.0
The Sisterhood of the Traveling Pants Collection,2,41702739.0,83405478.0
Planet of the Apes Original Collection,5,16657728.8,83288644.0
Doraemon Collection,1,83061158.0,83061158.0
"F*ck You, Goethe Collection",1,83027924.0,83027924.0
The Last Exorcism Collection,2,41458696.0,82917392.0
Psycho Collection,3,27068868.666666668,81206606.0
Vampires Suck Collection,1,80547866.0,80547866.0
Wolf Warriors Collection,1,80000000.0,80000000.0
WarGames Collection,1,79567667.0,79567667.0
K-9 Collection,1,78247647.0,78247647.0
The Haunting in Connecticut Collection,1,77527732.0,77527732.0
Crank Collection,2,38745809.0,77491618.0
Hot Tub Time Machine Collection,2,38443456.5,76886913.0
Cruel Intentions Collection,1,75902208.0,75902208.0
The Pink Panther (Steve Martin) Collection,1,75871032.0,75871032.0
Stomp the Yard Collection,1,75511123.0,75511123.0
30 Days of Night Collection,1,75505973.0,75505973.0
Pet Sematary Collection,2,37280960.0,74561920.0
Hard Target Collection,1,74189677.0,74189677.0
Highlander Collection,4,18524987.0,74099948.0
Death Race Collection,1,73762516.0,73762516.0
Mirrors Collection,1,72436439.0,72436439.0
RED Collection,1,71664962.0,71664962.0
World of Watches Collection,2,35431358.5,70862717.0
Philo & Clyde Collection,2,35343714.5,70687429.0
Cinderella Story Collection,1,70067909.0,70067909.0
Curious George Collection,1,69834815.0,69834815.0
Splash Collection,1,69821334.0,69821334.0
Without a Paddle Collection,1,69631118.0,69631118.0
The Hills Have Eyes (Reboot) Collection,1,69623713.0,69623713.0
Wild Things Collection,1,67200000.0,67200000.0
The Boogeyman Collection,1,67192859.0,67192859.0
When a Stranger Calls Collection,1,66966987.0,66966987.0
Herbie Collection,1,66002004.0,66002004.0
Street Kings Collection,1,65569869.0,65569869.0
Hoodwinked! Collection,2,32287808.0,64575616.0
Space Chimps Collection,1,63800345.0,63800345.0
Elite Squad Collection,1,63027681.0,63027681.0
Honey Collection,1,62646763.0,62646763.0
Short Circuit Collection,2,31163924.5,62327849.0
Once Upon a Time in China Collection,3,20588898.666666668,61766696.0
Rurouni Kenshin Live-Action Collection,1,61700000.0,61700000.0
The Blue Lagoon collection,2,30830480.0,61660960.0
A Haunted House Collection,1,60141683.0,60141683.0
The Gods Must Be Crazy Collection,1,60000000.0,60000000.0
The Hustler Collection,2,29946991.0,59893982.0
[REC] Collection,4,14816420.0,59265680.0
Trainspotting Collection,2,28951894.5,57903789.0
Walking Tall Collection,1,57223890.0,57223890.0
Smokin' Aces Collection,1,57103895.0,57103895.0
Annie Collection,1,57059003.0,57059003.0
Lake Placid Collection,1,56870414.0,56870414.0
The Eye Collection,1,56309766.0,56309766.0
Pee-wee's Collection,2,28031331.0,56062662.0
Hellraiser Collection,4,13966180.75,55864723.0
Ирония судьбы (Коллекция),1,55635037.0,55635037.0
Open Water Collection,1,54667954.0,54667954.0
The Bad New Bears Collection,2,27213821.0,54427642.0
French Connection Collection,2,26821600.5,53643201.0
God's Not Dead Collection,2,26648283.5,53296567.0
Fanny Brice Collection,1,52223306.0,52223306.0
Blue Crush Collection,1,51842679.0,51842679.0
Ernest Collection,2,25855745.5,51711491.0
Carrie Collection,2,25781352.5,51562705.0
Darkman Collection,1,48878502.0,48878502.0
Tremors Collection,1,48572000.0,48572000.0
The Shadow Collection,1,48063435.0,48063435.0
Single White Female Collection,1,48017402.0,48017402.0
The Thing Collection,2,23879215.0,47758430.0
The Black Stallion Collection,2,23799821.5,47599643.0
Masti Collection,1,47000000.0,47000000.0
Mannequin Collection,2,23236811.0,46473622.0
Machete Collection,2,23168030.0,46336060.0
The Dirty Dozen Collection,1,45300000.0,45300000.0
Young Guns Collection,1,44726644.0,44726644.0
The Odd Couple Collection,1,44527234.0,44527234.0
Disneys Große Pause,1,44460850.0,44460850.0
Into the Blue Collection,1,44434439.0,44434439.0
National Lampoon’s Van Wilder Collection,2,22180995.5,44361991.0
Max (Collection),1,43967255.0,43967255.0
Heart of Gold Collection,3,14614137.333333334,43842412.0
Kokowääh Filmreihe,1,43000000.0,43000000.0
"Oh, God! Collection",1,41687243.0,41687243.0
Never Back Down Collection,1,41627431.0,41627431.0
Quarantine Collection,1,40855419.0,40855419.0
House on Haunted Hill Collection,1,40846082.0,40846082.0
The Vengeance Collection,3,13579416.666666666,40738250.0
Bill & Ted's Most Excellent Collection,1,40485039.0,40485039.0
The Jake Gittes Collection,2,20000000.0,40000000.0
Caddyshack Collection,1,39846344.0,39846344.0
Missing in Action Collection,3,13253919.666666666,39761759.0
Candyman Collection,2,19866346.5,39732693.0
Kvartet I Collection,4,9852297.75,39409191.0
Alpha and Omega Collection,1,39300000.0,39300000.0
Bachelor Party Collection,1,38435947.0,38435947.0
Happily N'Ever After Collection,1,38085778.0,38085778.0
Wolf Creek Collection,2,18696546.0,37393092.0
Joy Ride Collection,1,36642838.0,36642838.0
Welcome Collection,1,36500000.0,36500000.0
The Neverending Story Collection,2,18221237.5,36442475.0
Witch Mountain Collection,2,18196500.0,36393000.0
Navarone Collection,2,18065000.0,36130000.0
Billy Jack Collection,1,36000000.0,36000000.0
Demetrius Filmreihe,1,36000000.0,36000000.0
All Dogs Go to Heaven Collection,2,17860352.5,35720705.0
The Man With No Name Collection,3,11833333.333333334,35500000.0
A Goofy Movie Collection,1,35348597.0,35348597.0
Evil Dead Collection,2,17661522.0,35323044.0
Vacancy Collection,1,35300645.0,35300645.0
Creepshow Collection,2,17514377.5,35028755.0
The Skulls Collection,1,35007180.0,35007180.0
Ghoulies Collection,1,35000000.0,35000000.0
White Fang Collection,1,34793160.0,34793160.0
Viy Collection,1,34592118.0,34592118.0
The Lawnmower Man Collection,2,17255112.5,34510225.0
American Psycho Collection,1,34266564.0,34266564.0
Cirque du Soleil Collection,1,34153101.0,34153101.0
Rosemary's Baby Collection,1,33395426.0,33395426.0
Air Bud Collection,2,16684307.5,33368615.0
Blade Runner Collection,1,33139618.0,33139618.0
Always: Sunset on Third Street Collection,1,33053559.0,33053559.0
Dracula 2000 Collection,1,33000337.0,33000337.0
FernGully Collection,1,32710894.0,32710894.0
Homeward Bound Collection,1,32709423.0,32709423.0
Before... Collection,3,10901496.333333334,32704489.0
The Sandlot Collection,1,32416586.0,32416586.0
Prom Night Collection,3,10758663.666666666,32275991.0
Wong Kar-Wai's Informal Collection,3,10756043.0,32268129.0
Lost Boys Collection,1,32222567.0,32222567.0
Alien Nation Collection,1,32155047.0,32155047.0
East is East Collection,2,16033500.0,32067000.0
Barbie A Mermaid Tale Collection,2,15965372.5,31930745.0
20th Century Boys Collection,1,31244858.0,31244858.0
The Mesrine Collection,1,31055440.0,31055440.0
Joe Dirt Collection,1,30987695.0,30987695.0
The Cabin Fever Collection,1,30553394.0,30553394.0
The Lord of the Rings Animated Collection,1,30471420.0,30471420.0
The Protector Collection,2,15234022.0,30468044.0
Weekend at Bernie's Collection,1,30218387.0,30218387.0
The Art of War Collection,1,30199105.0,30199105.0
Road House Collection,1,30050028.0,30050028.0
Clerks Collection,2,15019753.0,30039506.0
Pulse Collection,1,29907685.0,29907685.0
The Fox and the Hound Collection,1,29800000.0,29800000.0
The Last Picture Show Collection,1,29133000.0,29133000.0
A Few Best Men Collection,2,14565655.5,29131311.0
Wrong Turn Collection,1,28650575.0,28650575.0
Super Size Me Collection,1,28575078.0,28575078.0
Scanners Collection,2,14225876.0,28451752.0
Slap Shot Collection,1,28000000.0,28000000.0
Fright Night Collection,2,13953010.5,27906021.0
Ivan Tsarevich & the Grey Wolf Collection,2,13862000.0,27724000.0
Dark Planet Collection,2,13854358.0,27708716.0
The Klapisch Trilogy,2,13812550.0,27625100.0
Goal! Collection,1,27610873.0,27610873.0
Ringu Collection,2,13688536.5,27377073.0
La cage aux folles,2,13687192.0,27374384.0
The Sinbad Collection,2,13500000.0,27000000.0
House Party Collection,1,26386000.0,26386000.0
From Dusk Till Dawn Collection,1,25836616.0,25836616.0
Mimic Collection,1,25480490.0,25480490.0
The Cutting Edge Collection,1,25105517.0,25105517.0
Grindhouse Collection,1,25037897.0,25037897.0
Singham Collection,1,25034000.0,25034000.0
Battle Royale Collection,1,25000000.0,25000000.0
The Hills Have Eyes (Original) Collection,1,25000000.0,25000000.0
Fright Night (Reboot) Collection,1,24922237.0,24922237.0
The Delta Force Collection,2,12233630.5,24467261.0
Three Heroes Collection,3,8069669.333333333,24209008.0
Return of the Living Dead Collection,3,7832377.0,23497131.0
Six Degrees of Celebration Collection,1,22772019.0,22772019.0
Revenge of the Nerds Collection,1,22642033.0,22642033.0
The Marine Collection,1,22165608.0,22165608.0
2 Days In... Collection,2,10714975.5,21429951.0
Stir of Echoes Collection,1,21133087.0,21133087.0
Children of the Corn Collection,2,10490493.0,20980986.0
The Man From Snowy River Collection,1,20659423.0,20659423.0
F/X Collection,1,20603715.0,20603715.0
Showgirls Collection,1,20350754.0,20350754.0
Tinker Bell Collection,1,20300000.0,20300000.0
Evangelion Collection,1,20000000.0,20000000.0
Shaolin Temple Collection,2,9856130.5,19712261.0
Shadow Boxing Collection,2,9717366.5,19434733.0
Love in the City Collection,2,9655275.0,19310550.0
A Christmas Story Collection,1,19294144.0,19294144.0
Phantasm Collection,2,9635660.0,19271320.0
Sniper Collection,1,18994653.0,18994653.0
The Matt Helm Collection,2,9359062.0,18718124.0
Waiting Collection,1,18637690.0,18637690.0
Super Troopers Collection,1,18492362.0,18492362.0
District 13 Collection,2,9185253.0,18370506.0
StreetDance Collection,2,9098738.5,18197477.0
The Howling Collection,1,17985893.0,17985893.0
Lovey-Dovey Collection,1,17850711.0,17850711.0
The Postman Collection,1,17626234.0,17626234.0
USA: Land of Opportunities Collection,2,8677877.0,17355754.0
Naruto Collection,1,17322136.0,17322136.0
12 Rounds Collection,1,17280326.0,17280326.0
Center Stage Collection,1,17200925.0,17200925.0
Captain Harlock Collection,1,17137302.0,17137302.0
Firestarter Collection,1,17080167.0,17080167.0
Niko - Coleccion,1,17000000.0,17000000.0
Critters Collection,2,8490262.5,16980525.0
They Call Me Bruce Collection,1,16894678.0,16894678.0
House of 1000 Corpses Collection,1,16829545.0,16829545.0
Aashiqui Collection,1,16000000.0,16000000.0
Kickboxer Collection,2,7973858.5,15947717.0
Wishmaster Collection,1,15719109.0,15719109.0
The Man with the Iron Fists Collection,1,15608545.0,15608545.0
Dungeons & Dragons Collection,1,15185241.0,15185241.0
Beastmaster Collection,2,7462926.5,14925853.0
The Secret Of NIMH Collection,1,14665733.0,14665733.0
Ultimate Avengers Collection,2,7300000.0,14600000.0
The Arrival Collection,1,14048372.0,14048372.0
House of the Dead Collection,1,13818181.0,13818181.0
Sällskapsresorna,2,6828259.5,13656519.0
ДухLess (Коллекция),1,13218980.0,13218980.0
Enter the Ninja Collection,1,13168027.0,13168027.0
Puella Magi Madoka Magica: The Movie,1,12947880.0,12947880.0
Universal Soldier Collection,3,4315195.333333333,12945586.0
Bon Cop Bad Cop Collection,1,12671300.0,12671300.0
Bloodsport Collection,2,6245235.0,12490470.0
Snow Queen Collection,1,12400000.0,12400000.0
Undisputed Collection,1,12398628.0,12398628.0
Ghost in the Shell Collection,2,6038682.5,12077365.0
Frankenstein (Universal Series),1,12000000.0,12000000.0
Lew Harper Collection,1,12000000.0,12000000.0
Torrente Collection,1,11672363.0,11672363.0
Mommies Collection,1,11666088.0,11666088.0
Turbulence Collection,1,11466088.0,11466088.0
Elements Trilogy,3,3817630.6666666665,11452892.0
Balto Collection,1,11348324.0,11348324.0
Ong Bak Collection,3,3759013.6666666665,11277041.0
Leprechaun Collection (Original Series),2,5408781.0,10817562.0
L'allenatore nel pallone - Collezione,1,10743767.0,10743767.0
Hercules (Lou Ferrigno) Collection,1,10676194.0,10676194.0
The Boondock Saints Collection,2,5329896.0,10659792.0
American Ninja Collection,1,10499694.0,10499694.0
Alone in the Dark Collection,1,10442808.0,10442808.0
Cyborg Collection,1,10166459.0,10166459.0
What the Bleep! Collection,2,5069456.5,10138913.0
Swan Princess Series,2,5022651.0,10045302.0
Godzilla (Millennium) Collection,1,10037390.0,10037390.0
King Kong (1933 series),1,10000000.0,10000000.0
Самый лучший фильм - Коллекция,1,9816332.0,9816332.0
Singam Collection,1,9700000.0,9700000.0
Brooklyn Cigar Store Collection,2,4812215.0,9624430.0
House Collection,2,4769448.5,9538897.0
Cetto La Qualunque - Collezione,1,8927600.0,8927600.0
We Are From The Future Collection,1,8910819.0,8910819.0
Stargate SG-1 Collection,1,8900000.0,8900000.0
Deathstalker Collection,1,8890685.0,8890685.0
New Kids Collection,1,8786756.0,8786756.0
Infernal Affairs Collection,1,8708932.0,8708932.0
The Condemned Collection,1,8642858.0,8642858.0
This is England Collection,1,8176544.0,8176544.0
Iron Sky Collection,1,8135031.0,8135031.0
Anglo-Zulu War Collection,1,8000000.0,8000000.0
Death Race Original Collection,1,8000000.0,8000000.0
F.C. De Kampioenen Collectie,1,7471304.0,7471304.0
Fullmetal Alchemist Collection,1,7401480.0,7401480.0
Samurai Trilogy,1,7338987.0,7338987.0
High School Musical Collection,1,7000000.0,7000000.0
The Legend Collection,2,3462290.5,6924581.0
Fortress Collection,1,6739141.0,6739141.0
9½ Weeks Collection,1,6735922.0,6735922.0
The Raid Collection,2,3366198.0,6732396.0
The Work and the Glory Collection,3,2232590.3333333335,6697771.0
Space Dogs,1,6500000.0,6500000.0
Best of the Best Collection,1,6500000.0,6500000.0
Goon Collection,1,6483963.0,6483963.0
Vixens Collection,1,6000000.0,6000000.0
Hooked Collection,2,2999382.5,5998765.0
Department Q series,1,5900000.0,5900000.0
Sarkar Collection,1,5900000.0,5900000.0
The Hitcher (1986) Collection,1,5844868.0,5844868.0
Screamers Collection,1,5781885.0,5781885.0
Batman (DC Universe Animated) Collection,1,5617391.0,5617391.0
Tales from the Crypt Collection,1,5600000.0,5600000.0
Elvira Collection,1,5596267.0,5596267.0
Atlas Shrugged Collection,2,2737039.5,5474079.0
Troll Collection,1,5450815.0,5450815.0
Darko Collection,2,2685261.0,5370522.0
Major Korenev Trilogy,3,1722113.3333333333,5166340.0
Justice League (Animated) Collection,1,5155325.0,5155325.0
The Magnificent Seven Collection,1,4905000.0,4905000.0
Eddie and the Cruisers Collection,1,4786789.0,4786789.0
"No Retreat, No Surrender Collection",2,2385145.5,4770291.0
God of Gamblers Collection,1,4762337.0,4762337.0
McHale's Navy Collection,1,4529843.0,4529843.0
Erkan & Stefan Filmreihe,1,4508104.0,4508104.0
A Better Tomorrow Collection,1,4469460.0,4469460.0
Pumpkinhead Collection,1,4385516.0,4385516.0
Monsters Collection,1,4242978.0,4242978.0
Gangs of Wasseypur Collection,1,4100000.0,4100000.0
Godzilla (Heisei) Collection,1,4100000.0,4100000.0
Cat People Collection,1,4000000.0,4000000.0
Trailer Park Boys Collection,1,3833507.0,3833507.0
State Property Collection,2,1899272.0,3798544.0
C.H.U.D. Collection,1,3412497.0,3412497.0
Green Street Hooligans Collection,1,3154346.0,3154346.0
Hamilton Collection,1,3142763.0,3142763.0
Night of the Demons Collection,1,3109904.0,3109904.0
The Fly (1958 series),1,3000000.0,3000000.0
976-EVIL Collection,1,2955917.0,2955917.0
Burnt by the Sun Trilogy,1,2616503.0,2616503.0
Care Bears Collection,1,2608000.0,2608000.0
Class of 1999 Collection,1,2459895.0,2459895.0
BloodRayne Collection,1,2405420.0,2405420.0
Omega Code Series,1,2400000.0,2400000.0
Qatsi Collection,3,775474.6666666666,2326424.0
El pico - Colección,2,1132261.0,2264522.0
Nymphomaniac Collection,1,2227167.0,2227167.0
Once were Warriors Collection,1,2201126.0,2201126.0
Dark World Collection,1,2118871.0,2118871.0
3 Men (Original) Collection,1,2052466.0,2052466.0
Re-Animator Collection,1,2023414.0,2023414.0
Dead Snow Collection,2,1011067.5,2022135.0
Carnosaur Collection,1,1753979.0,1753979.0
Till Luck Do Us Part Collection,1,1672940.0,1672940.0
Los Leguineche - Colección,1,1622164.0,1622164.0
Aki Kaurismäki's Finland trilogy,1,1615018.0,1615018.0
Bummer Collection,1,1600000.0,1600000.0
The Stepfather Collection,1,1519796.0,1519796.0
Appleseed Collection,1,1461989.0,1461989.0
The Thin Man Collection,1,1423000.0,1423000.0
Korengal Valley Documentaries,1,1422910.0,1422910.0
Henry Fool Collection,1,1334786.0,1334786.0
Brancaleone Collection,1,1314230.0,1314230.0
Creature From The Black Lagoon (Universal Series),1,1300000.0,1300000.0
The Messengers Collection,1,1109660.0,1109660.0
The Invisible Man (Universal Series),1,1040000.0,1040000.0
Dracula (Universal Series),1,1012189.0,1012189.0
The Disappearance Of Eleanor Rigby,1,985007.0,985007.0
Tekken Collection,1,967000.0,967000.0
The Trip Collection,1,951179.0,951179.0
Dracula (Hammer Series),2,454706.5,909413.0
The Waxwork Collection,1,808114.0,808114.0
Another Gay Movie Collection,1,745327.0,745327.0
Encounters of the Spooky Kind Collection,1,731753.0,731753.0
The Apu Collection,3,240859.66666666666,722579.0
Feast Collection,1,658573.0,658573.0
Blue Collar Comedy Tour Collection,1,604856.0,604856.0
I Spit on Your Grave Collection,2,286809.0,573618.0
Cube Collection,1,501818.0,501818.0
Sex and Zen Collection,1,396003.0,396003.0
Sleuth Collection,1,342835.0,342835.0
The Angrez Collection,1,300000.0,300000.0
Dorm Daze Collection,1,263941.0,263941.0
Tanu Weds Manu Collection,1,252000.0,252000.0
Allan Quatermain Collection,1,238227.0,238227.0
The Up Series,1,238073.0,238073.0
ABCD Collection,1,222000.0,222000.0
Swamp Thing Collection,1,192816.0,192816.0
"Silent Night, Deadly Night Collection",2,84445.0,168890.0
Witchboard Collection,1,168180.0,168180.0
Kidulthood Collection,1,165000.0,165000.0
Cocaine Cowboys,1,163000.0,163000.0
V/H/S Collection,3,41644.666666666664,124934.0
Cowgirls n' Angels Collection,1,120680.0,120680.0
Yossi Collection,1,116207.0,116207.0
Ghost in the Shell: Arise,1,101203.0,101203.0
Eye of the Dolphin Collection,1,71904.0,71904.0
The Three Mothers Collection,1,54947.0,54947.0
Hatchet Collection,1,52604.0,52604.0
Paradise Trilogy,3,12492.0,37476.0
Stake Land Collection,1,33245.0,33245.0
The ABCs of Death Collection,2,14415.5,28831.0
Teenage Apocalypse Trilogy,1,27354.0,27354.0
Tulse Luper,1,25800.0,25800.0
Elektra Luxx Collection,2,9053.5,18107.0
Django - Original films,1,17277.0,17277.0
The Philadelphia Experiment - Collezione,1,2970.0,2970.0
Fist of the North Star: The Legends of the True Savior,1,862.0,862.0
Tiny Times Collection,2,63.0,126.0
The Prophecy Collection,1,16.0,16.0
Bats Collection,1,10.0,10.0
Borsalino Collection,1,3.0,3.0
Unna Trilogie,0,,0.0
Tarzan (Gordon Scott series),0,,0.0
Scuola di ladri - Collezione,0,,0.0
Sharktopus Collection,0,,0.0
Sharpe Collection,0,,0.0
Wallander (Rolf Lassgård),0,,0.0
Screwballs Collection,0,,0.0
Чебурашка и крокодил Гена,0,,0.0
Çalgı Çengi Collection,0,,0.0
Şevkat Yerimdar Serisi,0,,0.0
Warriors of the Rainbow: The Seediq Bale Saga,0,,0.0
Shadow Warriors,0,,0.0
Tarzan (Johnny Weissmuller series),0,,0.0
She Collection,0,,0.0
Tarzan (Lex Barker series),0,,0.0
Tarzan (Mike Henry series),0,,0.0
Что Творят мужчины! (Коллекция),0,,0.0
Un éléphant ça trompe énormément,0,,0.0
Sherlock Holmes (1939 series),0,,0.0
男はつらいよ シリーズ,0,,0.0
See No Evil Collection,0,,0.0
War Trilogy,0,,0.0
Tada's Do-It-All Collection,0,,0.0
Sharknado Collection,0,,0.0
Tai Chi Collection,0,,0.0
Warlock Collection,0,,0.0
Tainá,0,,0.0
Takashi Miike's Black Society Trilogy,0,,0.0
Sherlock Holmes: The Golden Years Collection,0,,0.0
Shark.Attack,0,,0.0
Takashi Miike's Young Thugs series,0,,0.0
Sex is Zero Collection,0,,0.0
Warriors of Virtue Collection,0,,0.0
War of the Worlds Collection,0,,0.0
Tales From The Dark Collection,0,,0.0
Unoffical Ghosthouse Series,0,,0.0
Tales of the Four Seasons,0,,0.0
Sex Up Filmreihe,0,,0.0
Seventh Company Collection,0,,0.0
Seven Dwarfs Collection,0,,0.0
Seed Collection,0,,0.0
Сказки Чуковского,0,,0.0
Silence of God Trilogy by Ingmar Bergman,0,,0.0
Алиса в стране чудес (Коллекция),0,,0.0
Steal This Film Collection,0,,0.0
Stray Cat Rock Collection,0,,0.0
Varg Veum Collection,0,,0.0
We Were Here,0,,0.0
Vares Collection,0,,0.0
Teen Beach Collection,0,,0.0
Vampires Collection,0,,0.0
Vampire Karnstein (Hammer series),0,,0.0
Uuno Turhapuro,0,,0.0
Stepford Collection,0,,0.0
Snow Collection,0,,0.0
Vampire Hunter D Collection,0,,0.0
Vampire Boys Collection,0,,0.0
Sometimes They Come Back Collection,0,,0.0
Son of Batman Collection,0,,0.0
Shiloh Collection,0,,0.0
Valami Amerika gyűjtemény,0,,0.0
V: The Collection,0,,0.0
Vai Que Dá Certo,0,,0.0
Облако-рай (Коллекция),0,,0.0
Spiders - Collection,0,,0.0
Star Wreck Collection,0,,0.0
Star Wars: The Ewok Adventures Collection,0,,0.0
Spirits' Homecoming Collection,0,,0.0
Vabank (Collection),0,,0.0
Spud Collection,0,,0.0
Никто не знает про секс - Коллекция,0,,0.0
St. Trinian's Collection,0,,0.0
Star Crash Collection,0,,0.0
Street Fighter Collection,0,,0.0
Vi hade i alla fall tur med vädret Collection,0,,0.0
Snake Eater Collection,0,,0.0
Параграф 78 - Дилогия,0,,0.0
Swordsman Collection,0,,0.0
Walking Tall Original Collection,0,,0.0
Shin Chan Collection,0,,0.0
Short Peace,0,,0.0
Sides of the Bed,0,,0.0
"Signed, Sealed, Delivered",0,,0.0
Stakeout Collection,0,,0.0
Waldemar Daninsky Collection,0,,0.0
Unstable Fables Collection,0,,0.0
Simon Brenner Collection,0,,0.0
Горько! (Коллекция),0,,0.0
Superman / Batman (Animated) Collection,0,,0.0
Superman (DC Universe Animated) Collection,0,,0.0
Sissi Collection,0,,0.0
Vääpeli Körmy - Collection,0,,0.0
Six Swedes Collection,0,,0.0
Skeleton Key Collection,0,,0.0
Super Giant Collection,0,,0.0
Sunes samtliga Resor,0,,0.0
Ski School Collection,0,,0.0
Sugata Sanshirō Collection,0,,0.0
Slayers - Movie Collection,0,,0.0
Sleepaway Camp Collection,0,,0.0
Subspecies Collection,0,,0.0
Зимняя Вишня (трилогия),0,,0.0
Ur kärlekens språk,0,,0.0
Slime City Collection,0,,0.0
Umizaru Collection,0,,0.0
The Underdog Knight Collection,0,,0.0
Teen Titans Collection,0,,0.0
Witchcraft Collection,0,,0.0
Wodehouse P.G. Collection,0,,0.0
Three Colors Collection,0,,0.0
Thou Shalt Laugh Collection,0,,0.0
The Lost Skeleton Collection,0,,0.0
The Love Comes Softly Collection,0,,0.0
The Magick Lantern Cycle,0,,0.0
The Man from Earth Collection,0,,0.0
The Man from U.N.C.L.E. Collection,0,,0.0
The Mangler Collection,0,,0.0
The Mark Collection,0,,0.0
Wizards of Waverly Place Collection,0,,0.0
Thermae Romae Collection,0,,0.0
The Lone Ranger (Clayton Moore) Collection,0,,0.0
The Modesty Blaise Collection,0,,0.0
The Moment After Collection,0,,0.0
The Monkey King Collection,0,,0.0
The Mummy (Hammer Series),0,,0.0
The Mummy (Universal Series),0,,0.0
The Musketeers Collection,0,,0.0
The Nancy Drew Collection (Bonita Granville),0,,0.0
Winnie-the-Pooh (Russian),0,,0.0
The Yes Men Collection,0,,0.0
The Nigger Charley Collection,0,,0.0
The Nut Job Collection,0,,0.0
Three Steps Above Heaven Collection,0,,0.0
Thumbs! Collection,0,,0.0
The Yakuza Papers Collection,0,,0.0
Tomie Collection,0,,0.0
Yamla Pagla Deewana,0,,0.0
Yamakasi - Collection,0,,0.0
The Hobgoblin Collection,0,,0.0
The Houses October Built Collection,0,,0.0
The Human Centipede Collection,0,,0.0
The Human Condition,0,,0.0
Topper Collection,0,,0.0
Xtro Collection,0,,0.0
The Hunters Collection,0,,0.0
Tomtar och Trolltyg Collection,0,,0.0
The Incredible Hulk (TV Movie) Collection,0,,0.0
The Joys of Torture Series,0,,0.0
Thunder in Paradise Collection,0,,0.0
Westworld Collection,0,,0.0
Tom and Jerry Collection,0,,0.0
The Kingdom,0,,0.0
The Krays Collection,0,,0.0
Tom Thorne Collection,0,,0.0
Tokyo Decadence series,0,,0.0
Tognazzi & Vianello Collection,0,,0.0
"To Sir, with Love Collection",0,,0.0
The Librarian Collection,0,,0.0
The Little Polar Bear Collection,0,,0.0
Thunderbirds (Animation) Collection,0,,0.0
The Olsen Gang Collection,0,,0.0
The One-Armed Swordsman Collection,0,,0.0
Totò Collection,0,,0.0
The Spiders Serial,0,,0.0
The Sister Street Fighter Collection,0,,0.0
The Six Million Dollar Man Collection,0,,0.0
The Water of the Hills Collection,0,,0.0
The Water of the Hills,0,,0.0
The Slumber Party Massacre Collection,0,,0.0
Why We Fight,0,,0.0
The War of Flower Collection,0,,0.0
The Visitors Collection,0,,0.0
The Snowman Collection,0,,0.0
The Sorority House Massacre Collection,0,,0.0
The South Shaolin Master Collection,0,,0.0
The Spiritual Boxer Collection,0,,0.0
The Shaggy Dog Collection,0,,0.0
The Storm Riders Collection,0,,0.0
The Streetfighter Collection,0,,0.0
The Substitute Collection,0,,0.0
The Sweeney Collection,0,,0.0
The Tall Blond Man Collection,0,,0.0
White Crane Chronicles,0,,0.0
The Three Brothers Collection,0,,0.0
The Toxic Avenger Collection,0,,0.0
White Collar Hooligan Collection,0,,0.0
The Twins Effect Collection,0,,0.0
The Ultimate Collection,0,,0.0
The Sheriff and the Satellite Kid Collection,0,,0.0
The Sentimental Swordsman Collection,0,,0.0
The Orphic Trilogy,0,,0.0
Whistling Collection,0,,0.0
The Ouija Experiment Collection,0,,0.0
The Pact Collection,0,,0.0
The Paleface Collection,0,,0.0
The Party Collection,0,,0.0
Winnetou Collection,0,,0.0
Whispering Corridors Collection,0,,0.0
The Worricker Collection,0,,0.0
The President's Man Collection,0,,0.0
The Prince & Me Collection,0,,0.0
The Prostitute Trilogy,0,,0.0
The Pub Landlord Collection,0,,0.0
The Wolf Man (Universal Series),0,,0.0
Wild Orchid Collection,0,,0.0
The Reef Collection,0,,0.0
The Wog Boy Collection,0,,0.0
The Riffs Trilogy,0,,0.0
The Wixxer Trilogy,0,,0.0
The Rutles Collection,0,,0.0
Willard,0,,0.0
The Wild Geese Collection,0,,0.0
The Sabata Collection,0,,0.0
The Sally Lochhart Mysteries Collection,0,,0.0
The Whistler collection,0,,0.0
The Secret Garden Collection,0,,0.0
Torchy Blane,0,,0.0
The Hire,0,,0.0
Teen Wolf Collection,0,,0.0
The Brave Little Toaster Collection,0,,0.0
The Bible Collection,0,,0.0
Trylogia Sienkiewicza,0,,0.0
The Big Bottom Box,0,,0.0
The Bill Douglas Trilogy,0,,0.0
The Black Mask Collection,0,,0.0
Zero Woman Collection,0,,0.0
The Blind Dead Collection,0,,0.0
The Blob Collection,0,,0.0
Truth in 24 Collection,0,,0.0
The Bowery Boys,0,,0.0
The Brady Bunch Collection,0,,0.0
The Bremen Town Musicians (Collection),0,,0.0
Zipi y Zape - Colección,0,,0.0
The Bride with White Hair Collection,0,,0.0
The Bridge,0,,0.0
The Carry On Collection,0,,0.0
The Cheerleaders - Collection,0,,0.0
The Cheetah Girls Collection,0,,0.0
The ChubbChubbs Collection,0,,0.0
Trinità  Collection,0,,0.0
Trilogía de la violencia de Michael Haneke,0,,0.0
The Comedians Of Comedy Collection,0,,0.0
The Comics Collection,0,,0.0
The Complete Monterey Pop Festival,0,,0.0
Turkish Star Wars,0,,0.0
The Benji Collection,0,,0.0
The Cremaster Cycle,0,,0.0
The Adventures of Antoine Doinel,0,,0.0
Åsa-Nisse Collection,0,,0.0
TekWar Collection,0,,0.0
Ten Minutes Older... (Collection),0,,0.0
Tenchi Muyô Collection,0,,0.0
Ukraine Trilogy,0,,0.0
Tengen Toppa Gurren Lagann Collection,0,,0.0
Tere Bin Laden Collection,0,,0.0
Tetsuo Collection,0,,0.0
That's Entertainment Collection,0,,0.0
The 1997 Trilogy,0,,0.0
The 36th Chamber of Shaolin Collection,0,,0.0
The Adventures of Erast Fandorin,0,,0.0
The BRD Collection,0,,0.0
The Adventures of Mickey Matson Collection,0,,0.0
The Amazing Colossal Man Duology,0,,0.0
Zu Warriors Collection,0,,0.0
U Pana Boga Collection,0,,0.0
The Angel Collection,0,,0.0
Täällä Pohjantähden alla (Timo Koivusalo),0,,0.0
The Apple Dumpling Gang Collection,0,,0.0
Twitches Collection,0,,0.0
The August Underground Collection,0,,0.0
The Aum Shinrikyo Collection,0,,0.0
Zombi Collection,0,,0.0
Zenon Collection,0,,0.0
The Crimson Rivers Collection,0,,0.0
Werner Collection,0,,0.0
The Gidget Collection,0,,0.0
The Flicka Collection,0,,0.0
Zatôichi: The Blind Swordsman,0,,0.0
Trilogia Zé do Caixão,0,,0.0
The Foreigner Collection,0,,0.0
Zapped Collection,0,,0.0
The Four Collection,0,,0.0
The Frogtown Collection,0,,0.0
Trapped in the Closet,0,,0.0
The Gamers Collection,0,,0.0
The Garden of Sinners,0,,0.0
The Gate Collection,0,,0.0
The Gingerdead Man Collection,0,,0.0
The Female Prisoner Series,0,,0.0
Zanna Bianca Collection,0,,0.0
The Good Witch Collection,0,,0.0
The Gorky Collection,0,,0.0
Trancers Collection,0,,0.0
The Gruffalo Collection,0,,0.0
The Guyver Collection,0,,0.0
The Hamiltons Collection,0,,0.0
Young And Dangerous Collection,0,,0.0
You Got Served Collection,0,,0.0
The Happy Hooker Collection,0,,0.0
The Heroic Trio Collection,0,,0.0
The Fjällbacka Murders,0,,0.0
Trilogie,0,,0.0
The Crossing Collection,0,,0.0
The Doctor Series,0,,0.0
The Cutlass Collection,0,,0.0
Zeitgeist Collection,0,,0.0
The Under-Gifted Collection,0,,0.0
The Decline of Western Civilization Collection,0,,0.0
Trilogía Sollima,0,,0.0
The Dentist Collection,0,,0.0
The Descent Collection,0,,0.0
The Desert Collection,0,,0.0
The Devil's Carnival Collection,0,,0.0
The Dick Proenneke Collection,0,,0.0
The Discworld Collection,0,,0.0
The Dog Who Saved Christmas Collection,0,,0.0
The Falls Collection,0,,0.0
Trilogy of Terror Collection,0,,0.0
The Durango Kid,0,,0.0
The Elusive Revengers Collection,0,,0.0
The Emigrants Collection,0,,0.0
Trilogy of Life,0,,0.0
The Encounter Collection,0,,0.0
The Endless Summer Collection,0,,0.0
Zebraman Collection,0,,0.0
Trilogy Marseillaise,0,,0.0
The Exterminator Collection,0,,0.0
The Falcon Series,0,,0.0
The Dead Collection,0,,0.0
Mostly Ghostly Collection,0,,0.0
Schule Collection,0,,0.0
Emmanuelle Collection,0,,0.0
Eyyvah Eyvah Collection,0,,0.0
Extralarge Collection,0,,0.0
Ex Collection,0,,0.0
Evil Bong Collection,0,,0.0
Europa Trilogy,0,,0.0
Erotic Ghost Story Collection,0,,0.0
Epoch Collection,0,,0.0
Emmanuelle 2000 Collections (USA),0,,0.0
Flesh Gordon Collection,0,,0.0
Emil i Lönneberga,0,,0.0
Elling Collection,0,,0.0
Election Collection,0,,0.0
Eden of the East Collection,0,,0.0
Eccezzziunale... veramente Collections,0,,0.0
Eberhofer Krimi Collection,0,,0.0
Eating Out Series,0,,0.0
Faces of Death Collection,0,,0.0
Fallen Collection,0,,0.0
Family Guy Presents Collection,0,,0.0
Fanthagirò Collection,0,,0.0
Flatfoot Collection,0,,0.0
Fimfárum (kolekce),0,,0.0
Fight Back to School Collection,0,,0.0
Feluda Collection,0,,0.0
Fearless Hyena Collection,0,,0.0
Fear Collection,0,,0.0
Father of Four Collection,0,,0.0
Father and Guns Collection,0,,0.0
Father Flanagan Collection,0,,0.0
Fatal Fury Collection,0,,0.0
"Fat, Sick & Nearly Dead",0,,0.0
Fast Getaway Collection,0,,0.0
Fantômas Serial,0,,0.0
Fantozzi Collection,0,,0.0
Fantomas Collection,0,,0.0
Easy Money Collection,0,,0.0
East Side Kids,0,,0.0
Düğün Dernek Collection,0,,0.0
Die Nibelungen Filmreihe,0,,0.0
Die Kirche bleibt im Dorf Collection,0,,0.0
Die Fritz Lang Indien-Edition,0,,0.0
Dick Tracy 1940s Collection,0,,0.0
Dhamaal Collection,0,,0.0
Dexter Riley Collection,0,,0.0
Devasuram Collection,0,,0.0
Detonator Collection,0,,0.0
Detective K Collection,0,,0.0
Detective Conan Collection,0,,0.0
Detective Collection,0,,0.0
Destricted,0,,0.0
Design Trilogy,0,,0.0
Descendants Collection,0,,0.0
Der Bockerer Collection,0,,0.0
Demons Collection,0,,0.0
Die Nibelungen Collection,0,,0.0
Digimon Collection,0,,0.0
Ducobu Collection,0,,0.0
Disney Buddies Collection,0,,0.0
Drunken Master Collection,0,,0.0
Dreileben,0,,0.0
Dream a Little Dream Collection,0,,0.0
Dragon Nest Collection,0,,0.0
Dragon Ball Z OVA Collection,0,,0.0
Dragon Ball Collection,0,,0.0
Dr. Who Collection,0,,0.0
Dr. Phibes Collection,0,,0.0
Dr. Mabuse Collection,0,,0.0
Dr Goldfoot Collection,0,,0.0
Don't Go Breaking My Heart Collection,0,,0.0
Don Collection,0,,0.0
Don Camillo Collection,0,,0.0
Dolemite Collection,0,,0.0
Dixie Zombi - Colección,0,,0.0
Flatland Collection,0,,0.0
Flodder Collection,0,,0.0
Decoys Collection,0,,0.0
Guinea Pig Collection,0,,0.0
Half Past Dead Collection,0,,0.0
Hailey Dean Mystery Collection,0,,0.0
Hababam Sınıfı Collection,0,,0.0
Göta kanal collection,0,,0.0
Gwendolyn Shepherd Collection,0,,0.0
Gunbuster Collection,0,,0.0
Gumball 3000 Collection,0,,0.0
Grumpy Old Men Collection,0,,0.0
Flower & Snake Collection,0,,0.0
Grey Gardens Collection,0,,0.0
Grave Encounters Collection,0,,0.0
Gourmet Detective Collection,0,,0.0
Gor Collection,0,,0.0
Goopy Bagha Trilogy,0,,0.0
Gonin collection,0,,0.0
Gone in 60 Seconds Trilogy,0,,0.0
Halloweentown Collection,0,,0.0
Hanzo the Razor Collection,0,,0.0
"Hard Revenge, Milly Collection",0,,0.0
Hard Time Collection,0,,0.0
Herr Lehmann Filmreihe,0,,0.0
Hercules TV Movies,0,,0.0
Hera Pheri Collection,0,,0.0
Hentai Kamen Collection,0,,0.0
Henry: Portrait of a Serial Killer Collection,0,,0.0
Hellboy (Animated) Collection,0,,0.0
Heidi (Praesens-Film) Filmreihe,0,,0.0
Heavy Metal Collection,0,,0.0
"Heaven, Hell and Purgatory Collection",0,,0.0
He Who Dares Collection,0,,0.0
Hayride Collection,0,,0.0
Havoc Collection,0,,0.0
Hate Story Collection,0,,0.0
Harry Palmer Collection,0,,0.0
Hardbodies Collection,0,,0.0
Golmaal Collection,0,,0.0
Golgo 13 Collection,0,,0.0
Godzilla (Showa) Collection,0,,0.0
Fubar Collection,0,,0.0
Frosty the Snowman Collection,0,,0.0
Fritz the Cat Collection,0,,0.0
French Fried Vacation,0,,0.0
Freeway Collection,0,,0.0
Fred Collection,0,,0.0
Freche Mädchen Filmreihe,0,,0.0
Frankenstein (Hammer Series),0,,0.0
Force Collection,0,,0.0
Footsoldier Collection,0,,0.0
Fontaine Khaled Collection,0,,0.0
Flying Guillotine Collection,0,,0.0
Flubber Collection,0,,0.0
Flowers in the Attic Collection,0,,0.0
Flower and Snake Collection,0,,0.0
Flower Shop Mystery Collection,0,,0.0
Fu Manchu Collection,0,,0.0
Fuga de cerebros - Collection,0,,0.0
Glass Tiger collection,0,,0.0
Futurama Collection,0,,0.0
Girl's on Top Collection,0,,0.0
Ginger Snaps Collection,0,,0.0
Ghost in the Shell: Stand Alone Complex,0,,0.0
Get Smart Collection,0,,0.0
George of the Jungle Collection,0,,0.0
George Carlin Comedy Collection,0,,0.0
Gator Collection,0,,0.0
Gasland Collection,0,,0.0
Garfield Holiday Celebrations,0,,0.0
Garfield (Animation) Collection,0,,0.0
Garage Sale Mystery Collection,0,,0.0
Gantz Collection,0,,0.0
Gamma One Collection,0,,0.0
Gamera Films,0,,0.0
Galaxy Express 999 Collection,0,,0.0
Demonic Toys Collection,0,,0.0
Death Note Relight,0,,0.0
Hopalong Cassidy films,0,,0.0
Asterix and Obelix (Animation) Collection,0,,0.0
Babysitting,0,,0.0
Babylon 5 Collection,0,,0.0
Baby Burlesks,0,,0.0
Azumi Collection,0,,0.0
Aurélie Laflamme Collection,0,,0.0
Attack on Titan Collection,0,,0.0
Ator Collection,0,,0.0
Assassination Classroom Collection,0,,0.0
Berserk: Golden Age Arc,0,,0.0
Art of the Devil Collection,0,,0.0
Arn collection,0,,0.0
Armour of God Collection,0,,0.0
Armitage III Collection,0,,0.0
Argo Collection,0,,0.0
Arabian Nights,0,,0.0
Apocalypse Collection,0,,0.0
Bad Ass Collection,0,,0.0
Bad Kids Collection,0,,0.0
Bananas!* Collection,0,,0.0
Bang Rajan Collection,0,,0.0
Begotten Collection,0,,0.0
Beck Collection,0,,0.0
Beck - Historien om ett brott,0,,0.0
Beach Party Collection,0,,0.0
Battlestar Galactica (Reboot) Collection,0,,0.0
Batman: The Dark Knight Returns Collection,0,,0.0
Batman Unlimited Collection,0,,0.0
Batman Beyond Collection,0,,0.0
Basket Case Collection,0,,0.0
Barrytown Trilogy,0,,0.0
Barney Collection,0,,0.0
Barefoot Gen Collection,0,,0.0
Barbie Mariposa Collection,0,,0.0
Barbie Fairytopia Collection,0,,0.0
Barbarian Queen Collection,0,,0.0
Ants in the Pants Collection,0,,0.0
Antboy Collection,0,,0.0
Annika Bengtzon Collection,0,,0.0
Alienation Trilogy,0,,0.0
Afro Samurai Collection,0,,0.0
Adventures of a ...,0,,0.0
Adventures of Mowgli,0,,0.0
Ada Apa Dengan Cinta? Collection,0,,0.0
Action Pack Bandit Films Collection,0,,0.0
Aces Go Places Collection,0,,0.0
A Man Called Horse Collection,0,,0.0
A Golden Christmas Collection,0,,0.0
A Chinese Ghost Story Collection,0,,0.0
3 Ninjas Collection,0,,0.0
3 Men Collection,0,,0.0
2001 Maniacs Collection,0,,0.0
1920 Collection,0,,0.0
100 Girls Collection,0,,0.0
08/15 Collection,0,,0.0
Alan Davies Collection,0,,0.0
All Hallow's Eve Collection,0,,0.0
Anne of Green Gables Collection,0,,0.0
All Stars Collectie,0,,0.0
Anja & Viktor Collection,0,,0.0
Aniskin Collection,0,,0.0
Animation Runner Kuromi (OAV collection),0,,0.0
Angelique Collection,0,,0.0
Anders Matthesen,0,,0.0
Anche gli angeli - Collezione,0,,0.0
Anatomy Collection,0,,0.0
An American Girl Collection,0,,0.0
American Pie (Spin-off) Collection,0,,0.0
American Addict Collection,0,,0.0
Alligator Collection,0,,0.0
Allan Quatermain (1950 series),0,,0.0
All of My Heart Collection,0,,0.0
"All inclusive, или все включено (Коллекция)",0,,0.0
All for ...,0,,0.0
Belle et Sébastien,0,,0.0
Bhoothnath Collection,0,,0.0
Deadly Prey Collection,0,,0.0
Circuitry Man Collection,0,,0.0
Corto Maltese,0,,0.0
Contracted Collection,0,,0.0
Confessions Collection,0,,0.0
Cold War Collection,0,,0.0
Cold Prey Collection,0,,0.0
Cleopatra Jones,0,,0.0
Classmates Collection,0,,0.0
Chinese Boxer Collection,0,,0.0
Big Man Collection,0,,0.0
China O'Brien Collection,0,,0.0
Che Collection,0,,0.0
Charlotte's Web Collection,0,,0.0
Charlie Chan (Warner Oland) Collection,0,,0.0
Charlie Chan (Sidney Toler) Collection,0,,0.0
Charlie Chan (Roland Winters) Collection,0,,0.0
Chaar Sahibzaade Collection,0,,0.0
Count Yorga Collection,0,,0.0
Cross Collection,0,,0.0
Cross of Iron Collection,0,,0.0
Crows Collection,0,,0.0
Dead or Alive Collection,0,,0.0
Dead in Tombstone Collection,0,,0.0
Dead Space Collection,0,,0.0
Dead Rising Collection,0,,0.0
Davy Crockett Collection,0,,0.0
Das Sams Collection,0,,0.0
Dark Woods Collection,0,,0.0
Dark Rising Collection,0,,0.0
Daffy Duck Movie Collection,0,,0.0
Dabangg Collection,0,,0.0
DMB Collection,0,,0.0
DC Super Hero Girls Collection,0,,0.0
Cyborg Cop Trilogy,0,,0.0
Cyborg 009 Collection,0,,0.0
CyberTracker Collection,0,,0.0
Cat Stevens y Hutch Bessy Trilogy,0,,0.0
Cat Run Collection,0,,0.0
Carmina - Colección,0,,0.0
Boston Blackie Series,0,,0.0
Born Free Trilogy,0,,0.0
Bloodfist Collection,0,,0.0
Bloodfight,0,,0.0
Blood Island (Hammer series),0,,0.0
Blondie Collection,0,,0.0
Bleach (Collection),0,,0.0
Blacula Collection,0,,0.0
Black Scorpion Collection,0,,0.0
Black Magic Collection,0,,0.0
Black Emanuelle Collection,0,,0.0
Black & White Collection,0,,0.0
Birdemic Collection,0,,0.0
Bionicle Collection,0,,0.0
Billa Collection,0,,0.0
Bikini Summer Collection,0,,0.0
Born To Race Collection,0,,0.0
Boys Love Collection,0,,0.0
Cardcaptor Sakura Collection,0,,0.0
Break Blade Collection,0,,0.0
Captain America 1979 Classic Collection,0,,0.0
Caprona Collection,0,,0.0
Caprinos Eventyrlige Verden,0,,0.0
Caméra Café,0,,0.0
Camp Rock Collection,0,,0.0
Calcutta Trilogy,0,,0.0
Cabin By The Lake Collection,0,,0.0
Caballeros Collection,0,,0.0
Burnout Collection,0,,0.0
Bullit & Riper Collection,0,,0.0
Bulldog Drummond (Richard Johnson) Collection,0,,0.0
Brother Collection,0,,0.0
Brother Bear Collection,0,,0.0
Brice Collection,0,,0.0
Breakin' Collection,0,,0.0
Hidden Collection,0,,0.0
Hornblower Collection,0,,0.0
Schoolgirl Report Collection,0,,0.0
"Ninja, Band of Assassins Collection",0,,0.0
Nuke 'Em High Collection,0,,0.0
Not Quite Human Collection,0,,0.0
Northpole,0,,0.0
Nobody Collection,0,,0.0
No Good Middle-Aged Yakuza Trilogy,0,,0.0
Nitro Collection,0,,0.0
Ninjas vs. Collection,0,,0.0
Ninja Collection,0,,0.0
"Pagnol, Childhood's Memories",0,,0.0
Nick Carter Collection,0,,0.0
Nevada Smith Collection,0,,0.0
Nemesis Collection,0,,0.0
Nekromantik Collection,0,,0.0
Naval Cadets Collection,0,,0.0
Nativity Collection,0,,0.0
Napapiirin sankarit,0,,0.0
OSS 117 Collection,0,,0.0
OSS 117 The Original Saga,0,,0.0
Ocho apellidos - Colección,0,,0.0
Old Way Collection,0,,0.0
Overheard Collection,0,,0.0
Outrage Collection,0,,0.0
Outpost Collection,0,,0.0
Outlaw Gangster VIP: The Complete Collection,0,,0.0
Our Man Flint Collection,0,,0.0
Otto Collection,0,,0.0
Ostwind Filmreihe,0,,0.0
Osobennosti Natsionalnoy ... - Collection,0,,0.0
Oskar Luts Collection,0,,0.0
Onomichi Trilogy,0,,0.0
One Missed Call Collection,0,,0.0
On Any Sunday Collection,0,,0.0
Omae Umasou Da na,0,,0.0
Olympia,0,,0.0
Olsen Banden (Samling),0,,0.0
Nana Collection,0,,0.0
Naked Fear Collection,0,,0.0
Naked Collection,0,,0.0
Mr. Boogedy Collection,0,,0.0
Mountain Family Robinson Collection,0,,0.0
Mothra Collection,0,,0.0
00 Schneider Filmreihe,0,,0.0
Moskva-Kassiopeya Collection,0,,0.0
Monster High Collection,0,,0.0
Mondo Cane Collection,0,,0.0
Mods Collection,0,,0.0
Mobile Suit Gundam Collection,0,,0.0
Mister Roberts Collection,0,,0.0
Mister Blot Collection,0,,0.0
Minions: 3 Mini-Movie Collection,0,,0.0
Miles Jupp Standup Collection,0,,0.0
Mikogami Trilogy / Wanderer Jôkichi,0,,0.0
Midnight Diner Collection,0,,0.0
Mickey's Upon a Christmas Collection,0,,0.0
Mr. Bones Collection,0,,0.0
Mr. Moto Collection,0,,0.0
Nadodikkattu Collection,0,,0.0
Mr. Vampire Collection,0,,0.0
NASU Collection,0,,0.0
Mörderischer Norden,0,,0.0
Mythica Collection,0,,0.0
Mystery Woman,0,,0.0
My Wife is a Gangster Collection,0,,0.0
My Sisters Kids Collection,0,,0.0
My Sassy Girl Collection,0,,0.0
My Mom is a Character Collection,0,,0.0
My Little Pony: Equestria Girls Collection,0,,0.0
My Girl Collection,0,,0.0
My Friends Collection,0,,0.0
"Murder, She Baked Collection",0,,0.0
Munna Bhai Collection,0,,0.0
Mrs. Miracle Collection,0,,0.0
Mr. Wong Collection,0,,0.0
PTU Collection,0,,0.0
Painted Skin Collection,0,,0.0
Meu Passado me Condena,0,,0.0
Ring of Fire Collection,0,,0.0
Romantik Komedi [Seri],0,,0.0
Robotech (Samling),0,,0.0
Robot Jox Collection,0,,0.0
Robot Chicken: Star Wars Collection,0,,0.0
Robert,0,,0.0
Road to Collection,0,,0.0
Ringo Collection,0,,0.0
"Rico, Oskar 1, 2 & 3",0,,0.0
Panda! Go Panda! Collección,0,,0.0
Richie Rich Collection,0,,0.0
Richard the Lionheart Collection,0,,0.0
Rest Stop Collection,0,,0.0
Resident Evil: Biohazard,0,,0.0
Regalo di Natale - Collezione,0,,0.0
Reeker Collection,0,,0.0
Red Lotus Collection,0,,0.0
Rudolph the Red-Nosed Reindeer Collection,0,,0.0
Running Out Of Time Collection,0,,0.0
SPL Collection,0,,0.0
Sabrina the Teenage Witch Collection,0,,0.0
Sağ Salim Serisi,0,,0.0
Sartana Collection,0,,0.0
"Sarah, Plain and Tall Collection",0,,0.0
Santas Paw,0,,0.0
Santa's Apprentice,0,,0.0
Santa Baby Collection,0,,0.0
Samurai Collection,0,,0.0
Sammy's Adventure Collection,0,,0.0
Sami Swoi Collection,0,,0.0
Salt and Pepper Collection,0,,0.0
Saints and Soldiers Collection,0,,0.0
Saint Seiya Collection,0,,0.0
Sailor Moon Collection,0,,0.0
Saheb Biwi Aur Gangster Collection,0,,0.0
Sadako 3D Collection,0,,0.0
Rare Exports Collection,0,,0.0
Ranma Collection,0,,0.0
Rampage Collection,0,,0.0
Poison Ivy Collection,0,,0.0
Piranha Collection,0,,0.0
Pippi Longstocking,0,,0.0
Pierino - Serie ufficiale,0,,0.0
Phobia Collection,0,,0.0
Philo Vance Collection,0,,0.0
Per Fly trilogien (Samling),0,,0.0
Penitenciaría - Colección,0,,0.0
Pekko aikamiespoika Collection,0,,0.0
Patlabor Collection,0,,0.0
Parent Trap Collection,0,,0.0
Parasyte Collection,0,,0.0
Paranormal Investigations Collection,0,,0.0
Paradise Lost Collection,0,,0.0
Papa ou Maman Collection,0,,0.0
"Pane, amore e… - Collezione",0,,0.0
Pitbull - Kolekcja,0,,0.0
Prep & Landing Collection,0,,0.0
Rakht Charitra,0,,0.0
Problem Child Collection,0,,0.0
Race Gurram collection,0,,0.0
Race Collection,0,,0.0
Raaz Collection,0,,0.0
Quatermass (Hammer series),0,,0.0
Quando le donne avevano la coda,0,,0.0
Puss 'n Boots Collection,0,,0.0
Pusher Collection,0,,0.0
Puppet Master Collection,0,,0.0
Pumping Iron Collection,0,,0.0
Puff Collection,0,,0.0
Public Enemy Series,0,,0.0
Psy Collection,0,,0.0
Prudence et Bélisaire Beresford Collection,0,,0.0
Prostokvashino Collection,0,,0.0
Project A Collection,0,,0.0
Mi Nismo Anđeli Collection,0,,0.0
Men in the City Collection,0,,0.0
Horror High Collection,0,,0.0
K3 Collectie,0,,0.0
Kevin Smith: Silent Bob Speaks!,0,,0.0
Kenny Rogers Legend Of The Gambler,0,,0.0
Kenji Misumi's Trilogy of the Sword,0,,0.0
Kati Collection,0,,0.0
Kathleen Madigan Collection,0,,0.0
Karlson Collection,0,,0.0
Karas The Collection,0,,0.0
Jönsson Gang,0,,0.0
LEGO DC Comics Super Heroes Collection,0,,0.0
Justice League Collection,0,,0.0
Jungledyret Hugo Collection,0,,0.0
Jungle Jim Collection,0,,0.0
Ju-on Collection,0,,0.0
Journey to the West Collection,0,,0.0
Joséphine - Saga,0,,0.0
Johnny Tsunami Collection,0,,0.0
Kiler Collection,0,,0.0
Kill Buljo Collection,0,,0.0
Killer Crocodile Collection,0,,0.0
Killer Tomatoes! Collection,0,,0.0
Kung Fu Mahjong Collection,0,,0.0
Krummerne (Samling),0,,0.0
Krrish Collection,0,,0.0
Kolpaçino Serisi,0,,0.0
Koker Trilogy,0,,0.0
Kocan Kadar Konuş Serisi,0,,0.0
Knerten Collection,0,,0.0
Klovn,0,,0.0
Kleines Arschloch Collection,0,,0.0
Klassefesten (Samling),0,,0.0
Kizumonogatari,0,,0.0
Kirikou,0,,0.0
King of the Zombies Collection,0,,0.0
Kim Possible Collection,0,,0.0
Killjoy,0,,0.0
John Pinette Collection,0,,0.0
Johan Falk GSI Collection,0,,0.0
Johan Falk Collection,0,,0.0
"Ilsa, She Wolf of the SS Collection",0,,0.0
Il medico della mutua Collection,0,,0.0
Il Maresciallo Giraldi Collection,0,,0.0
If You Are the One (Collection),0,,0.0
If These Walls Could Talk Collection,0,,0.0
If I Were You Collection,0,,0.0
I soliti idioti Collection,0,,0.0
I pompieri - Collezione,0,,0.0
I due carabinieri Collecion,0,,0.0
I Spit on Your Grave (Original) Collection,0,,0.0
I Love a Mystery movie series,0,,0.0
I Am Curious Collection,0,,0.0
How I Unleashed World War II,0,,0.0
Housefull Collection,0,,0.0
House of Angels Collection,0,,0.0
Hot Wheels: AcceleRacers - Collection,0,,0.0
Il tassinaro,0,,0.0
Immaturi Collection,0,,0.0
Jesse Stone Collection,0,,0.0
"Impy, the small dinosaur Collection",0,,0.0
Jack Frost Collection,0,,0.0
Ivan The Terrible Collection,0,,0.0
Ivan Brovkin Collection,0,,0.0
It's Alive Collection,0,,0.0
Isi/Disi Collection,0,,0.0
Ironclad Collection,0,,0.0
Iron Eagle Collection,0,,0.0
Inuyasha Collection,0,,0.0
Inspector Gadget Collection,0,,0.0
Inoshika Ocho series,0,,0.0
Inner Sanctum mysteries,0,,0.0
In the Vineyard Collection,0,,0.0
In the Name of the King Collection,0,,0.0
In the Line of Duty Collection,0,,0.0
In China They Eat Dogs Collection,0,,0.0
Kusswechsel Filmreihe,0,,0.0
La Classe Américaine & Cie,0,,0.0
Memories Collection,0,,0.0
Lucky Stars Collection,0,,0.0
Macross Frontier Collection,0,,0.0
Macon County Collection,0,,0.0
MacGyver (TV Movies) Collection,0,,0.0
Ma and Pa Kettle Collection,0,,0.0
MVP,0,,0.0
M.D. Geist Collection,0,,0.0
Lupin the Third Collection,0,,0.0
Lucky Luke (Terence Hill) Collection,0,,0.0
La Tour Infernale,0,,0.0
Lucky Luke (Animation) Collection,0,,0.0
Love in a... Collection,0,,0.0
Love Hina Collection,0,,0.0
Lotta,0,,0.0
Loose Change Collection,0,,0.0
Long Arm of the Law Collection,0,,0.0
Lonesome Dove Collection,0,,0.0
Macskafogó gyűjtemény,0,,0.0
Madeline,0,,0.0
Madicken,0,,0.0
Magic Kid Collection,0,,0.0
Megazone 23 Collection,0,,0.0
Mega Shark Collection,0,,0.0
Meatballs Collection,0,,0.0
McDull Collection,0,,0.0
"Martin Scorsese’s World Cinema Project, Vol. 1",0,,0.0
Martial Law Collection,0,,0.0
Mark Collection,0,,0.0
"Maria, ihm schmeckt's nicht!",0,,0.0
Mardock Scramble Collection,0,,0.0
Manuale d'amore - Collezione,0,,0.0
Mann Filmreihe,0,,0.0
Maniac Cop Collection,0,,0.0
Mandıra Filozofu Serisi,0,,0.0
Man of Marble/Iron Collection,0,,0.0
Maigret (Rowan Atkinson) Collection,0,,0.0
Lone Wolf film series,0,,0.0
Lone Wolf and Cub Collection,0,,0.0
Living Trilogy,0,,0.0
Legends of the Poisonous Seductress,0,,0.0
Left Behind Collection,0,,0.0
Lee Rock Collection,0,,0.0
Le Gendarme de St. Tropez Collection,0,,0.0
Le Cœur des Hommes,0,,0.0
Lavalantula Collection,0,,0.0
Lauras Stern,0,,0.0
Lassie (Kinofilme),0,,0.0
LasseMaja: Samling,0,,0.0
Largo Winch Collection,0,,0.0
Lamù Collection,0,,0.0
Lammbock Collection,0,,0.0
Laid to Rest Collection,0,,0.0
Lady Snowblood Collection,0,,0.0
La trilogie de la mort – Nacho Cerda,0,,0.0
La Trilogie Marseillaise,0,,0.0
Legend of the Galactic Heroes Collection,0,,0.0
Lemmy Caution Collection,0,,0.0
Little Witch Academia Collection,0,,0.0
Lemon Popsicle Collection,0,,0.0
Little Nicholas Collection,0,,0.0
Little Forest Collection,0,,0.0
Little Bear,0,,0.0
Lilla Jönsonligan Collection,0,,0.0
Like Mike Collection,0,,0.0
Library Wars Collection,0,,0.0
Lezioni di Cioccolato Collection,0,,0.0
Letters to Santa Collection,0,,0.0
Les Tuche,0,,0.0
Les Ripoux - Trilogie,0,,0.0
Les Profs,0,,0.0
Les Mystères de l'ouest (Collection),0,,0.0
Les Charlots - Saga,0,,0.0
Les Boys,0,,0.0
Leningrad Cowboys Collection,0,,0.0
식객 시리즈,0,,0.0
